[
    {
        "id": 1,
        "title": "Elementor Pro Nulled Plugin",
        "slug": "elementor-pro-nulled-plugin",
        "version": "latest",
        "category": "plugins",
        "icerik": "<h2>Elementor Pro NULLED Plugin</h2><p><strong>Elementor Pro NULLED Plugin Free Download</strong> is a premium WordPress page builder plugin that empowers users to design visually stunning, fully responsive websites without any coding skills.</p><p>Using <strong>Elementor Pro NULLED Plugin</strong> means unlocking access to advanced widgets, theme builder features, and seamless WooCommerce integration. Whether you want to create landing pages, e-commerce shops, or personal portfolios, this plugin provides a user-friendly experience.</p><p>With <strong>Elementor Pro NULLED Plugin</strong>, you benefit from lightning-fast performance, mobile optimization, and built-in SEO tools. The plugin is constantly updated to ensure compatibility with the latest WordPress versions.</p>",
        "meta_description": "Elementor Pro transforms WordPress into a powerful design platform. Create stunning websites with drag-and-drop builder, advanced widgets, and WooCommerce integration effortlessly."
    },
    {
        "id": 2,
        "title": "Yoast SEO Premium Nulled",
        "slug": "yoast-seo-premium-nulled",
        "version": "latest",
        "category": "plugins",
        "icerik": "<h2>Yoast SEO Premium NULLED</h2><p><strong>Yoast SEO Premium NULLED Free Download</strong> is the ultimate WordPress SEO plugin that helps you optimize your website for search engines and improve your rankings on Google.</p><p>Yoast SEO Premium includes advanced keyword optimization, internal linking suggestions, content insights, and social media previews. The plugin helps you write better content and optimize for multiple keywords.</p><p>This premium version offers exclusive features like redirect manager, premium support, and advanced schema markup. Regular updates ensure compatibility with latest WordPress versions.</p>",
        "meta_description": "Yoast SEO Premium helps your WordPress site rank higher on Google. Get advanced keyword optimization, redirect management, and comprehensive SEO analysis tools."
    },
    {
        "id": 3,
        "title": "Rank Math Pro Nulled Plugin",
        "slug": "rank-math-pro-nulled-plugin",
        "version": "latest",
        "category": "plugins",
        "icerik": "<h2>Rank Math Pro NULLED</h2><p><strong>Rank Math Pro NULLED Free Download</strong> is an advanced WordPress SEO plugin that offers comprehensive optimization features to improve your search engine rankings.</p><p>Rank Math Pro includes advanced schema markup, content AI, keyword rank tracking, and detailed SEO analytics. The plugin helps you optimize for multiple keywords and track rankings.</p><p>With features like local SEO optimization, WooCommerce SEO, and video SEO, Rank Math Pro is perfect for businesses and content creators who want comprehensive SEO coverage.</p>",
        "meta_description": "Rank Math Pro delivers advanced SEO tools for WordPress. Track keyword rankings, optimize content with AI assistance, and boost your search engine visibility effectively."
    },
    {
        "id": 4,
        "title": "WP Rocket Nulled Plugin",
        "slug": "wp-rocket-nulled-plugin",
        "version": "latest",
        "category": "plugins",
        "icerik": "<h2>WP Rocket NULLED</h2><p><strong>WP Rocket NULLED Free Download</strong> is the most powerful WordPress caching plugin that speeds up your website instantly. It's the #1 premium caching solution used by over 3 million websites worldwide.</p><p>WP Rocket includes page caching, browser caching, GZIP compression, image optimization, and database cleanup. The plugin automatically applies 80% of web performance best practices.</p><p>With features like lazy loading, critical CSS generation, and CDN integration, WP Rocket ensures your website loads lightning-fast on all devices.</p>",
        "meta_description": "WP Rocket dramatically improves WordPress site speed with advanced caching, image optimization, and performance features. Make your website lightning-fast instantly."
    },
    {
        "id": 5,
        "title": "Wordfence Security Premium Nulled",
        "slug": "wordfence-security-premium-nulled",
        "version": "latest",
        "category": "plugins",
        "icerik": "<h2>Wordfence Security Premium NULLED</h2><p><strong>Wordfence Security Premium NULLED Free Download</strong> is the most comprehensive WordPress security plugin that protects your website from hackers, malware, and security threats.</p><p>Wordfence Premium includes real-time firewall protection, malware scanning, login security, and live traffic monitoring. The plugin blocks millions of attacks every day.</p><p>With features like two-factor authentication, country blocking, and advanced threat detection, Wordfence Premium offers enterprise-level security for WordPress sites.</p>",
        "meta_description": "Wordfence Security Premium provides complete WordPress protection. Block hackers, scan for malware, and secure your site with enterprise-level security features."
    },
    {
        "id": 6,
        "title": "WPForms Pro Nulled",
        "slug": "wpforms-pro-nulled",
        "version": "latest",
        "category": "plugins",
        "icerik": "<h2>WPForms Pro NULLED</h2><p><strong>WPForms Pro NULLED Free Download</strong> is the most user-friendly WordPress contact form plugin that makes creating forms simple and enjoyable. Used by over 5 million websites to create contact forms, surveys, and lead generation forms.</p><p>WPForms Pro includes drag-and-drop form builder, payment integrations, advanced fields, and conditional logic. The plugin offers pre-built form templates for every use case.</p><p>With features like email marketing integrations, file uploads, and form analytics, WPForms Pro helps you capture leads and grow your business.</p>",
        "meta_description": "WPForms Pro makes WordPress form creation effortless. Build contact forms, surveys, and payment forms with drag-and-drop builder and advanced integrations."
    },
    {
        "id": 7,
        "title": "Avada Nulled Theme",
        "slug": "avada-nulled-theme",
        "version": "latest",
        "category": "themes",
        "icerik": "<h2>Avada NULLED Theme</h2><p><strong>Avada NULLED Theme Free Download</strong> is the #1 selling WordPress theme of all time with over 875,000 sales. Build any type of website with this versatile, feature-rich multipurpose theme.</p><p>Avada includes the Fusion Builder page builder, 90+ pre-built websites, and unlimited design possibilities. The theme offers responsive design and WooCommerce integration.</p><p>With features like mega menus, portfolio layouts, and SEO optimization, Avada provides everything needed for professional websites.</p>",
        "meta_description": "Avada is the world's #1 selling WordPress theme. Create any website with 90+ pre-built demos, Fusion Builder, and unlimited customization possibilities."
    },
    {
        "id": 8,
        "title": "Divi Theme Nulled",
        "slug": "divi-theme-nulled",
        "version": "latest",
        "category": "themes",
        "icerik": "<h2>Divi Theme NULLED</h2><p><strong>Divi Theme NULLED Free Download</strong> is the ultimate WordPress theme that comes with the powerful Divi Builder. Create any website layout with the most advanced visual page builder.</p><p>Divi includes hundreds of pre-made layouts, global elements, and A/B testing functionality. The theme offers unlimited design flexibility with custom CSS control and responsive editing.</p><p>With features like role editor and white-label options, Divi is perfect for agencies and developers.</p>",
        "meta_description": "Divi Theme transforms WordPress with the ultimate visual builder. Create stunning websites using hundreds of layouts, A/B testing, and unlimited design freedom."
    },
    {
        "id": 9,
        "title": "Advanced Custom Fields Pro Nulled",
        "slug": "advanced-custom-fields-pro-nulled",
        "version": "latest",
        "category": "plugins",
        "icerik": "<h2>Advanced Custom Fields Pro NULLED</h2><p><strong>Advanced Custom Fields Pro NULLED Free Download</strong> is the most powerful WordPress plugin for adding custom fields to your content.</p><p>ACF Pro includes flexible content layouts, repeater fields, gallery fields, and clone fields. The plugin makes it easy to add custom meta boxes and options pages.</p><p>With features like conditional logic, field groups, and REST API support, ACF Pro gives you complete control over your WordPress content structure.</p>",
        "meta_description": "Advanced Custom Fields Pro lets you create flexible WordPress content. Add custom fields, repeater layouts, and build complex data structures without coding."
    },
    {
        "id": 10,
        "title": "WooCommerce Subscriptions Nulled",
        "slug": "woocommerce-subscriptions-nulled",
        "version": "latest",
        "category": "plugins",
        "icerik": "<h2>WooCommerce Subscriptions NULLED</h2><p><strong>WooCommerce Subscriptions NULLED Free Download</strong> enables you to create and manage recurring subscription products in your WooCommerce store.</p><p>The plugin supports variable subscriptions, subscription coupons, free trials, and signup fees. It handles complex billing scenarios automatically.</p><p>With features like automatic payment processing and dunning management, WooCommerce Subscriptions helps you build reliable recurring revenue streams.</p>",
        "meta_description": "WooCommerce Subscriptions enables recurring payments for your store. Create subscription products, manage billing cycles, and build predictable revenue streams."
    },
    {
        "id": 11,
        "title": "Gravity Forms Nulled Plugin",
        "slug": "gravity-forms-nulled-plugin",
        "version": "latest",
        "category": "plugins",
        "icerik": "<h2>Gravity Forms NULLED</h2><p><strong>Gravity Forms NULLED Free Download</strong> is the most advanced WordPress form plugin that helps you create professional forms with ease.</p><p>Gravity Forms includes conditional logic, multi-page forms, file uploads, and payment integrations. The plugin offers advanced features like form scheduling and entry management.</p><p>With integrations for popular services like Mailchimp, PayPal, and Zapier, Gravity Forms connects your forms to your business workflow.</p>",
        "meta_description": "Gravity Forms creates advanced WordPress forms with conditional logic, payments, and powerful integrations. Build professional forms that connect to your workflow."
    },
    {
        "id": 12,
        "title": "Astra Pro Theme Nulled",
        "slug": "astra-pro-theme-nulled",
        "version": "latest",
        "category": "themes",
        "icerik": "<h2>Astra Pro Theme NULLED</h2><p><strong>Astra Pro Theme NULLED Free Download</strong> is the fastest, most lightweight WordPress theme that's perfect for any website. Built for speed and performance.</p><p>Astra Pro includes starter templates, advanced hooks, and extensive customization options. The theme is compatible with all page builders.</p><p>With features like header/footer builder and WooCommerce modules, Astra Pro provides enterprise-level functionality.</p>",
        "meta_description": "Astra Pro is the fastest WordPress theme with starter templates and advanced customization. Perfect for speed-focused websites and page builder compatibility."
    },
    {
        "id": 13,
        "title": "Slider Revolution Nulled",
        "slug": "slider-revolution-nulled",
        "version": "latest",
        "category": "plugins",
        "icerik": "<h2>Slider Revolution NULLED</h2><p><strong>Slider Revolution NULLED Free Download</strong> is the most popular WordPress slider plugin that helps you create stunning sliders, carousels, and hero sections.</p><p>Slider Revolution includes animation builder, responsive design, and template library. The plugin offers advanced features like particle effects and video backgrounds.</p><p>With features like timeline animations and object library, Slider Revolution gives you complete creative control over your visual presentations.</p>",
        "meta_description": "Slider Revolution creates stunning WordPress sliders with advanced animations, video backgrounds, and responsive design. Build engaging visual presentations easily."
    },
    {
        "id": 14,
        "title": "WP All Import Pro Nulled Plugin",
        "slug": "wp-all-import-pro-nulled-plugin",
        "version": "latest",
        "category": "plugins",
        "icerik": "<h2>WP All Import Pro NULLED</h2><p><strong>WP All Import Pro NULLED Free Download</strong> is the most powerful WordPress import plugin that helps you import any XML or CSV file to WordPress.</p><p>WP All Import Pro includes visual drag-and-drop interface, custom field mapping, and image imports. The plugin handles large files efficiently.</p><p>With features like scheduled imports and WooCommerce integration, WP All Import Pro automates complex data migration tasks.</p>",
        "meta_description": "WP All Import Pro imports any XML or CSV data into WordPress. Migrate content easily with drag-and-drop interface and automated scheduling features."
    },
    {
        "id": 15,
        "title": "Enfold Theme Nulled",
        "slug": "enfold-theme-nulled",
        "version": "latest",
        "category": "themes",
        "icerik": "<h2>Enfold Theme NULLED</h2><p><strong>Enfold Theme NULLED Free Download</strong> is a clean, super flexible multipurpose WordPress theme with drag-and-drop layout builder.</p><p>Enfold includes Avia Layout Builder, demo content, and responsive design. The theme offers portfolio layouts, WooCommerce integration, and SEO optimization.</p><p>With features like mega menu and performance optimization, Enfold provides everything needed for professional websites.</p>",
        "meta_description": "Enfold Theme offers flexible WordPress design with Avia Layout Builder. Create professional websites with responsive layouts and WooCommerce integration."
    },
    {
        "id": 16,
        "title": "LearnDash LMS Nulled",
        "slug": "learndash-lms-nulled",
        "version": "latest",
        "category": "plugins",
        "icerik": "<h2>LearnDash LMS NULLED</h2><p><strong>LearnDash LMS NULLED Free Download</strong> is the most popular WordPress learning management system that helps you create and sell online courses.</p><p>LearnDash includes course builder, quiz system, certificates, and progress tracking. The plugin offers advanced features like drip-feed content and course prerequisites.</p><p>With features like WooCommerce integration and mobile app support, LearnDash provides complete e-learning solutions.</p>",
        "meta_description": "LearnDash LMS creates professional online courses in WordPress. Build learning platforms with quizzes, certificates, and advanced course management features."
    },
    {
        "id": 17,
        "title": "BeTheme Nulled",
        "slug": "betheme-nulled",
        "version": "latest",
        "category": "themes",
        "icerik": "<h2>BeTheme NULLED</h2><p><strong>BeTheme NULLED Free Download</strong> is the largest collection of website templates with 650+ pre-built websites.</p><p>BeTheme includes Muffin Builder, one-click demo import, and extensive customization options. The theme offers responsive design and WooCommerce compatibility.</p><p>With features like header builder and unlimited colors, BeTheme provides maximum design flexibility.</p>",
        "meta_description": "BeTheme offers 650+ pre-built WordPress websites with Muffin Builder. Get unlimited design options and one-click demo imports for any project type."
    },
    {
        "id": 18,
        "title": "Duplicator Pro Nulled Plugin",
        "slug": "duplicator-pro-nulled-plugin",
        "version": "latest",
        "category": "plugins",
        "icerik": "<h2>Duplicator Pro NULLED</h2><p><strong>Duplicator Pro NULLED Free Download</strong> is the most reliable WordPress migration and backup plugin. Clone, backup, and move WordPress sites with just a few clicks.</p><p>Duplicator Pro includes scheduled backups, cloud storage integration, and one-click migrations. The plugin creates complete website packages.</p><p>With features like multisite support and recovery points, Duplicator Pro ensures your WordPress sites are always protected and portable.</p>",
        "meta_description": "Duplicator Pro migrates and backs up WordPress sites effortlessly. Clone websites, schedule backups, and restore sites with reliable migration tools."
    },
    {
        "id": 19,
        "title": "The7 Theme Nulled",
        "slug": "the7-theme-nulled",
        "version": "latest",
        "category": "themes",
        "icerik": "<h2>The7 Theme NULLED</h2><p><strong>The7 Theme NULLED Free Download</strong> is the most customizable WordPress theme with ultimate design flexibility.</p><p>The7 includes 40+ pre-made websites, Elementor Pro compatibility, and WPBakery Page Builder integration. The theme offers unlimited header layouts and mega menus.</p><p>With features like live customizer and performance optimization, The7 provides professional-grade website building tools.</p>",
        "meta_description": "The7 Theme delivers ultimate WordPress customization with 40+ demos and Elementor compatibility. Create unique websites with unlimited design possibilities."
    },
    {
        "id": 20,
        "title": "WooCommerce Bookings Nulled",
        "slug": "woocommerce-bookings-nulled",
        "version": "latest",
        "category": "plugins",
        "icerik": "<h2>WooCommerce Bookings NULLED</h2><p><strong>WooCommerce Bookings NULLED Free Download</strong> allows customers to book appointments, reservations, and rentals directly from your WooCommerce store.</p><p>The plugin offers flexible booking rules, calendar management, resource allocation, and automated confirmations. It supports hourly, daily, or fixed-time bookings.</p><p>With features like Google Calendar sync and booking management dashboard, WooCommerce Bookings streamlines your appointment scheduling process.</p>",
        "meta_description": "WooCommerce Bookings enables appointment scheduling in your store. Manage reservations, sync calendars, and automate booking confirmations effortlessly."
    },
    {
        "id": 21,
        "title": "UpdraftPlus Premium Nulled Plugin",
        "slug": "updraftplus-premium-nulled-plugin",
        "version": "latest",
        "category": "plugins",
        "icerik": "<h2>UpdraftPlus Premium NULLED</h2><p><strong>UpdraftPlus Premium NULLED Free Download</strong> is the world's most popular WordPress backup plugin with over 3 million active installations.</p><p>UpdraftPlus Premium includes incremental backups, multisite support, and advanced reporting. The plugin automatically backs up to cloud storage services.</p><p>With features like migration tools and database encryption, UpdraftPlus Premium offers enterprise-grade backup solutions.</p>",
        "meta_description": "UpdraftPlus Premium provides reliable WordPress backups with cloud storage integration. Protect your site with automated backups and migration tools."
    },
    {
        "id": 22,
        "title": "X Theme Nulled",
        "slug": "x-theme-nulled",
        "version": "latest",
        "category": "themes",
        "icerik": "<h2>X Theme NULLED</h2><p><strong>X Theme NULLED Free Download</strong> is a dynamic WordPress theme that includes four unique designs in one package.</p><p>X Theme includes Cornerstone page builder, extensive customization options, and WooCommerce integration. The theme offers unlimited colors and Google Fonts.</p><p>With features like portfolio layouts and blog variations, X Theme adapts to any industry or purpose.</p>",
        "meta_description": "X Theme includes 4 unique WordPress designs with Cornerstone builder. Get versatile layouts, unlimited customization, and WooCommerce integration."
    },
    {
        "id": 23,
        "title": "MemberPress Pro Nulled",
        "slug": "memberpress-pro-nulled",
        "version": "latest",
        "category": "plugins",
        "icerik": "<h2>MemberPress Pro NULLED</h2><p><strong>MemberPress Pro NULLED Free Download</strong> is the most comprehensive WordPress membership plugin that helps you create, manage, and monetize membership sites.</p><p>MemberPress Pro includes content protection, subscription management, and payment processing. The plugin offers advanced features like coupon system and affiliate program.</p><p>With integrations for popular payment gateways and email marketing services, MemberPress Pro streamlines your membership business operations.</p>",
        "meta_description": "MemberPress Pro creates powerful WordPress membership sites. Protect content, manage subscriptions, and monetize your community with advanced features."
    },
    {
        "id": 24,
        "title": "Salient Theme Nulled",
        "slug": "salient-theme-nulled",
        "version": "latest",
        "category": "themes",
        "icerik": "<h2>Salient Theme NULLED</h2><p><strong>Salient Theme NULLED Free Download</strong> is a responsive multipurpose theme designed for modern websites.</p><p>Salient includes WPBakery Page Builder, demo content, and extensive portfolio options. The theme offers smooth scrolling and nectar slider.</p><p>With features like mega menus and WooCommerce styling, Salient provides everything needed for modern websites.</p>",
        "meta_description": "Salient Theme creates modern WordPress sites with smooth animations and WPBakery builder. Perfect for portfolios and business websites."
    },
    {
        "id": 25,
        "title": "WooCommerce Memberships Nulled",
        "slug": "woocommerce-memberships-nulled",
        "version": "latest",
        "category": "plugins",
        "icerik": "<h2>WooCommerce Memberships NULLED</h2><p><strong>WooCommerce Memberships NULLED Free Download</strong> turns your WooCommerce store into a powerful membership site.</p><p>The plugin provides content restriction, member-only pricing, and dripped content features. It integrates seamlessly with WooCommerce to handle membership purchases.</p><p>With features like membership cards and detailed member management, WooCommerce Memberships helps you build loyal customer communities.</p>",
        "meta_description": "WooCommerce Memberships creates exclusive member areas in your store. Restrict content, offer special pricing, and build loyal customer communities."
    },
    {
        "id": 26,
        "title": "GeneratePress Premium Nulled",
        "slug": "generatepress-premium-nulled",
        "version": "latest",
        "category": "themes",
        "icerik": "<h2>GeneratePress Premium NULLED</h2><p><strong>GeneratePress Premium NULLED Free Download</strong> is a lightweight, fast-loading WordPress theme focused on speed, stability, and accessibility.</p><p>GeneratePress Premium includes site library, elements module, and advanced typography controls. The theme offers modular approach allowing you to activate only needed features.</p><p>With features like WooCommerce integration and hook system, GeneratePress Premium provides unlimited customization possibilities.</p>",
        "meta_description": "GeneratePress Premium delivers lightning-fast WordPress performance. Lightweight, accessible design with modular features and unlimited customization options."
    },
    {
        "id": 27,
        "title": "Easy Digital Platforms Pro Nulled",
        "slug": "easy-digital-platforms-pro-nulled",
        "version": "latest",
        "category": "plugins",
        "icerik": "<h2>Easy Digital Downloads Pro NULLED</h2><p><strong>Easy Digital Downloads Pro NULLED Free Download</strong> is the complete digital commerce solution for WordPress.</p><p>EDD Pro includes payment processing, download management, customer accounts, and detailed reporting. The plugin offers advanced features like software licensing and recurring payments.</p><p>With features like discount codes and purchase receipts, Easy Digital Downloads Pro provides everything needed for digital product sales.</p>",
        "meta_description": "Easy Digital Downloads Pro sells digital products on WordPress. Process payments, manage downloads, and track sales with comprehensive e-commerce features."
    },
    {
        "id": 28,
        "title": "OceanWP Pro Nulled",
        "slug": "oceanwp-pro-nulled",
        "version": "latest",
        "category": "themes",
        "icerik": "<h2>OceanWP Pro NULLED</h2><p><strong>OceanWP Pro NULLED Free Download</strong> is a versatile, multipurpose WordPress theme that's perfect for any website.</p><p>OceanWP Pro includes premium extensions, demo sites, and advanced customization options. The theme offers seamless WooCommerce integration and popup builder.</p><p>With features like mega menu and white-label options, OceanWP Pro is ideal for agencies and developers.</p>",
        "meta_description": "OceanWP Pro provides versatile WordPress design with premium extensions. Perfect for agencies with WooCommerce integration and advanced customization."
    },
    {
        "id": 29,
        "title": "WP Mail SMTP Pro Nulled",
        "slug": "wp-mail-smtp-pro-nulled",
        "version": "latest",
        "category": "plugins",
        "icerik": "<h2>WP Mail SMTP Pro NULLED</h2><p><strong>WP Mail SMTP Pro NULLED Free Download</strong> fixes WordPress email deliverability issues by routing emails through reliable SMTP services.</p><p>WP Mail SMTP Pro includes email logging, delivery reports, and support for all major email services. The plugin provides detailed analytics about email delivery.</p><p>With features like email controls and white-label options, WP Mail SMTP Pro gives you complete control over WordPress email functionality.</p>",
        "meta_description": "WP Mail SMTP Pro fixes WordPress email delivery with reliable SMTP routing. Track email delivery, monitor performance, and ensure message reliability."
    },
    {
        "id": 30,
        "title": "Flatsome Theme Nulled",
        "slug": "flatsome-theme-nulled",
        "version": "latest",
        "category": "themes",
        "icerik": "<h2>Flatsome Theme NULLED</h2><p><strong>Flatsome Theme NULLED Free Download</strong> is the perfect WooCommerce theme for creating beautiful online stores.</p><p>Flatsome includes UX Builder, live page builder, and extensive WooCommerce styling. The theme offers product layouts, catalog mode, and quick view functionality.</p><p>With features like 360° product images and wishlist integration, Flatsome maximizes e-commerce conversions.</p>",
        "meta_description": "Flatsome Theme creates stunning WooCommerce stores with UX Builder. Optimize conversions with product layouts, quick view, and 360° product images."
    },
    {
        "id": 31,
        "title": "SearchWP Pro Nulled",
        "slug": "searchwp-pro-nulled",
        "version": "latest",
        "category": "plugins",
        "icerik": "<h2>SearchWP Pro NULLED</h2><p><strong>SearchWP Pro NULLED Free Download</strong> instantly improves your WordPress search functionality with intelligent, relevant search results.</p><p>SearchWP Pro includes custom field searching, PDF indexing, and search statistics. The plugin supports weighted search results and search highlighting.</p><p>With features like faceted search and live search, SearchWP Pro creates better user experiences and increases engagement.</p>",
        "meta_description": "SearchWP Pro enhances WordPress search with intelligent results, PDF indexing, and custom field searching. Improve user experience with better search."
    },
    {
        "id": 32,
        "title": "WoodMart Theme Nulled",
        "slug": "woodmart-theme-nulled",
        "version": "latest",
        "category": "themes",
        "icerik": "<h2>WoodMart Theme NULLED</h2><p><strong>WoodMart Theme NULLED Free Download</strong> is a premium WooCommerce theme optimized for creating professional online stores.</p><p>WoodMart includes AJAX shop, quick view, and advanced product layouts. The theme offers multiple header styles and mega menus.</p><p>With features like 360° product viewer and size guide, WoodMart enhances the shopping experience.</p>",
        "meta_description": "WoodMart Theme builds professional WooCommerce stores with AJAX features, quick view, and 360° product viewer for enhanced shopping experiences."
    },
    {
        "id": 33,
        "title": "MonsterInsights Pro Nulled",
        "slug": "monsterinsights-pro-nulled",
        "version": "latest",
        "category": "plugins",
        "icerik": "<h2>MonsterInsights Pro NULLED</h2><p><strong>MonsterInsights Pro NULLED Free Download</strong> is the best Google Analytics plugin for WordPress that helps you track your website's performance.</p><p>MonsterInsights Pro includes enhanced e-commerce tracking, custom dimensions, and real-time stats. The plugin provides insights into your most popular content.</p><p>With features like conversion tracking and custom reports, MonsterInsights Pro helps you make data-driven decisions.</p>",
        "meta_description": "MonsterInsights Pro connects WordPress to Google Analytics with enhanced tracking, e-commerce insights, and custom reports for data-driven decisions."
    },
    {
        "id": 34,
        "title": "Bridge Theme Nulled",
        "slug": "bridge-theme-nulled",
        "version": "latest",
        "category": "themes",
        "icerik": "<h2>Bridge Theme NULLED</h2><p><strong>Bridge Theme NULLED Free Download</strong> is a creative multipurpose WordPress theme with 500+ demo websites.</p><p>Bridge includes QODE Framework, Visual Composer integration, and advanced customization options. The theme offers portfolio layouts and WooCommerce support.</p><p>With features like one-click demo import and responsive design, Bridge makes professional website creation effortless.</p>",
        "meta_description": "Bridge Theme offers 500+ creative WordPress demos with QODE Framework. Build professional websites with Visual Composer and one-click demo imports."
    },
    {
        "id": 35,
        "title": "WP Smush Pro Nulled",
        "slug": "wp-smush-pro-nulled",
        "version": "latest",
        "category": "plugins",
        "icerik": "<h2>WP Smush Pro NULLED</h2><p><strong>WP Smush Pro NULLED Free Download</strong> is the ultimate WordPress image optimization plugin that compresses and optimizes images without losing quality.</p><p>WP Smush Pro includes bulk optimization, WebP conversion, and CDN delivery. The plugin automatically optimizes images upon upload.</p><p>With features like lazy loading and image resizing, WP Smush Pro improves your website's Core Web Vitals scores.</p>",
        "meta_description": "WP Smush Pro optimizes WordPress images with lossless compression, WebP conversion, and CDN delivery. Improve site speed and Core Web Vitals."
    },
    {
        "id": 36,
        "title": "Newspaper Theme Nulled",
        "slug": "newspaper-theme-nulled",
        "version": "latest",
        "category": "themes",
        "icerik": "<h2>Newspaper Theme NULLED</h2><p><strong>Newspaper Theme NULLED Free Download</strong> is the best WordPress theme for news, magazines, and blogs.</p><p>Newspaper includes tagDiv Composer, smart post lists, and advanced review system. The theme offers unlimited color options and custom widgets.</p><p>With features like AMP support and social counter, Newspaper helps you build authority in your niche.</p>",
        "meta_description": "Newspaper Theme creates professional news and magazine sites with tagDiv Composer, AMP support, and advanced review systems for content publishers."
    },
    {
        "id": 37,
        "title": "OptinMonster Nulled",
        "slug": "optinmonster-nulled",
        "version": "latest",
        "category": "plugins",
        "icerik": "<h2>OptinMonster NULLED</h2><p><strong>OptinMonster NULLED Free Download</strong> is the most powerful lead generation plugin that helps you convert abandoning visitors into subscribers.</p><p>OptinMonster includes exit-intent technology, A/B testing, and advanced targeting rules. The plugin offers drag-and-drop builder and mobile-optimized templates.</p><p>With features like page-level targeting and geo-location, OptinMonster delivers the right message to the right person at the right time.</p>",
        "meta_description": "OptinMonster converts website visitors into subscribers with exit-intent popups, A/B testing, and advanced targeting for maximum lead generation."
    },
    {
        "id": 38,
        "title": "Uncode Theme Nulled",
        "slug": "uncode-theme-nulled",
        "version": "latest",
        "category": "themes",
        "icerik": "<h2>Uncode Theme NULLED</h2><p><strong>Uncode Theme NULLED Free Download</strong> is a pixel-perfect creative WordPress theme designed for professionals who demand excellence.</p><p>Uncode includes frontend editor, adaptive images, and extensive customization options. The theme offers portfolio layouts and WooCommerce integration.</p><p>With features like custom post types and SEO optimization, Uncode provides professional-grade website building tools.</p>",
        "meta_description": "Uncode Theme delivers pixel-perfect WordPress design with frontend editor and adaptive images. Perfect for creative professionals demanding excellence."
    },
    {
        "id": 39,
        "title": "WooCommerce Product Search Nulled",
        "slug": "woocommerce-product-search-nulled",
        "version": "latest",
        "category": "plugins",
        "icerik": "<h2>WooCommerce Product Search NULLED</h2><p><strong>WooCommerce Product Search NULLED Free Download</strong> enhances your online store with advanced search functionality.</p><p>The plugin offers instant search results, product filters, search analytics, and customizable search forms. It supports searching by SKU, categories, and tags.</p><p>With AJAX-powered search and mobile optimization, WooCommerce Product Search ensures fast, responsive performance across all devices.</p>",
        "meta_description": "WooCommerce Product Search enhances store search with instant results, filters, and analytics. Improve customer experience with advanced search features."
    },
    {
        "id": 40,
        "title": "Porto Theme Nulled",
        "slug": "porto-theme-nulled",
        "version": "latest",
        "category": "themes",
        "icerik": "<h2>Porto Theme NULLED</h2><p><strong>Porto Theme NULLED Free Download</strong> is a responsive eCommerce WordPress theme perfect for online stores and business websites.</p><p>Porto includes Visual Composer, demo content, and extensive customization options. The theme offers WooCommerce layouts and portfolio styles.</p><p>With features like AJAX search and product quick view, Porto enhances user experience and conversions.</p>",
        "meta_description": "Porto Theme builds responsive eCommerce sites with Visual Composer and WooCommerce layouts. Enhance conversions with AJAX features and quick view."
    },
    {
        "id": 41,
        "title": "WPML String Translation Nulled",
        "slug": "wpml-string-translation-nulled",
        "version": "latest",
        "category": "plugins",
        "icerik": "<h2>WPML String Translation NULLED</h2><p><strong>WPML String Translation NULLED Free Download</strong> allows you to translate any string on your WordPress site, including theme and plugin texts.</p><p>The plugin integrates seamlessly with WPML to provide complete translation control. It offers automatic string scanning and manual string registration.</p><p>With features like translation management and string search, WPML String Translation ensures your multilingual site is fully localized.</p>",
        "meta_description": "WPML String Translation translates every text element on WordPress sites. Complete multilingual control with automatic scanning and string management."
    },
    {
        "id": 42,
        "title": "Kalium Theme Nulled",
        "slug": "kalium-theme-nulled",
        "version": "latest",
        "category": "themes",
        "icerik": "<h2>Kalium Theme NULLED</h2><p><strong>Kalium Theme NULLED Free Download</strong> is a creative WordPress theme designed for portfolios, agencies, and creative professionals.</p><p>Kalium includes portfolio layouts, Visual Composer integration, and advanced customization options. The theme offers timeline layouts and masonry grids.</p><p>With features like smooth transitions and mobile optimization, Kalium creates memorable user experiences.</p>",
        "meta_description": "Kalium Theme creates stunning portfolios with Visual Composer integration, smooth transitions, and timeline layouts for creative professionals."
    },
    {
        "id": 43,
        "title": "Polylang Pro Nulled",
        "slug": "polylang-pro-nulled",
        "version": "latest",
        "category": "plugins",
        "icerik": "<h2>Polylang Pro NULLED</h2><p><strong>Polylang Pro NULLED Free Download</strong> is a powerful multilingual plugin that allows you to create multilingual WordPress sites easily.</p><p>Polylang Pro includes advanced features like share slugs, duplicate content, and ACF integration. The plugin offers automatic translation and language detection.</p><p>With features like REST API support and WooCommerce integration, Polylang Pro provides complete multilingual solutions.</p>",
        "meta_description": "Polylang Pro creates multilingual WordPress sites with advanced features, ACF integration, and WooCommerce support for global website management."
    },
    {
        "id": 44,
        "title": "Rey Theme Nulled",
        "slug": "rey-theme-nulled",
        "version": "latest",
        "category": "themes",
        "icerik": "<h2>Rey Theme NULLED</h2><p><strong>Rey Theme NULLED Free Download</strong> is a modern, fast WooCommerce theme designed for creating beautiful online stores.</p><p>Rey includes Elementor integration, advanced product layouts, and conversion optimization features. The theme offers AJAX filters and quick view.</p><p>With features like mini cart and product videos, Rey maximizes e-commerce performance.</p>",
        "meta_description": "Rey Theme creates modern WooCommerce stores with Elementor integration, AJAX filters, and conversion optimization for maximum e-commerce performance."
    },
    {
        "id": 45,
        "title": "Really Simple SSL Pro Nulled Plugin",
        "slug": "really-simple-ssl-pro-nulled-plugin",
        "version": "latest",
        "category": "plugins",
        "icerik": "<h2>Really Simple SSL Pro NULLED</h2><p><strong>Really Simple SSL Pro NULLED Free Download</strong> is the easiest way to migrate your website from HTTP to HTTPS.</p><p>The plugin automatically detects SSL certificates and configures your website to run over HTTPS. It includes advanced features like mixed content fixing and security headers.</p><p>With features like vulnerability detection and two-factor authentication, Really Simple SSL Pro provides comprehensive security solutions.</p>",
        "meta_description": "Really Simple SSL Pro secures WordPress with automatic HTTPS migration, vulnerability detection, and comprehensive security headers configuration."
    },
    {
        "id": 46,
        "title": "Shopkeeper Theme Nulled",
        "slug": "shopkeeper-theme-nulled",
        "version": "latest",
        "category": "themes",
        "icerik": "<h2>Shopkeeper Theme NULLED</h2><p><strong>Shopkeeper Theme NULLED Free Download</strong> is a professional e-commerce theme designed specifically for WooCommerce stores.</p><p>Shopkeeper includes Visual Composer, product layouts, and extensive customization options. The theme offers catalog mode and product filters.</p><p>With features like AJAX cart and product zoom, Shopkeeper enhances the shopping experience.</p>",
        "meta_description": "Shopkeeper Theme builds professional WooCommerce stores with Visual Composer, product layouts, and AJAX cart for enhanced shopping experiences."
    },
    {
        "id": 47,
        "title": "WPBakery Page Builder Nulled",
        "slug": "wpbakery-page-builder-nulled",
        "version": "latest",
        "category": "plugins",
        "icerik": "<h2>WPBakery Page Builder NULLED</h2><p><strong>WPBakery Page Builder NULLED Free Download</strong> is a drag-and-drop page builder for WordPress that helps you create beautiful pages without coding.</p><p>The plugin includes frontend and backend editor, pre-designed templates, and extensive element library. It offers responsive design controls and custom CSS options.</p><p>With features like template library and role manager, WPBakery Page Builder provides complete page building solutions.</p>",
        "meta_description": "WPBakery Page Builder creates WordPress pages with drag-and-drop functionality, templates, and responsive design controls for professional websites."
    },
    {
        "id": 48,
        "title": "Konte Theme Nulled",
        "slug": "konte-theme-nulled",
        "version": "latest",
        "category": "themes",
        "icerik": "<h2>Konte Theme NULLED</h2><p><strong>Konte Theme NULLED Free Download</strong> is a minimal WooCommerce theme perfect for modern online stores.</p><p>Konte includes Elementor compatibility, product layouts, and performance optimization. The theme offers AJAX features and quick view.</p><p>With features like mega menu and mobile optimization, Konte delivers exceptional user experience.</p>",
        "meta_description": "Konte Theme delivers minimal WooCommerce design with Elementor compatibility, AJAX features, and performance optimization for modern stores."
    },
    {
        "id": 49,
        "title": "WooCommerce Dynamic Pricing Nulled",
        "slug": "woocommerce-dynamic-pricing-nulled",
        "version": "latest",
        "category": "plugins",
        "icerik": "<h2>WooCommerce Dynamic Pricing NULLED</h2><p><strong>WooCommerce Dynamic Pricing NULLED Free Download</strong> allows you to create flexible pricing rules for your WooCommerce store.</p><p>The plugin supports bulk discounts, role-based pricing, and category discounts. It offers advanced pricing rules and automatic calculations.</p><p>With features like quantity discounts and member pricing, WooCommerce Dynamic Pricing helps increase sales and customer loyalty.</p>",
        "meta_description": "WooCommerce Dynamic Pricing creates flexible store pricing with bulk discounts, role-based pricing, and automatic calculations to boost sales."
    },
    {
        "id": 50,
        "title": "Soledad Theme Nulled",
        "slug": "soledad-theme-nulled",
        "version": "latest",
        "category": "themes",
        "icerik": "<h2>Soledad Theme NULLED</h2><p><strong>Soledad Theme NULLED Free Download</strong> is a multi-concept blog theme with 6800+ homepage layouts.</p><p>Soledad includes Elementor compatibility, Instagram feed, and extensive customization options. The theme offers AMP support and speed optimization.</p><p>With features like live search and social sharing, Soledad helps build engaged audiences.</p>",
        "meta_description": "Soledad Theme offers 6800+ blog layouts with Elementor compatibility, AMP support, and Instagram integration for engaging content publishing."
    },
    {
        "id": 51,
        "title": "Mailchimp for WooCommerce Nulled",
        "slug": "mailchimp-for-woocommerce-nulled",
        "version": "latest",
        "category": "plugins",
        "icerik": "<h2>Mailchimp for WooCommerce NULLED</h2><p><strong>Mailchimp for WooCommerce NULLED Free Download</strong> connects your online store with Mailchimp's powerful email marketing platform.</p><p>The plugin includes abandoned cart recovery, product recommendations, and automated email sequences. It syncs customer data and purchase history.</p><p>With features like segmentation tools and campaign analytics, Mailchimp for WooCommerce helps you build lasting customer relationships.</p>",
        "meta_description": "Mailchimp for WooCommerce integrates email marketing with abandoned cart recovery, product recommendations, and automated campaigns for customer retention."
    },
    {
        "id": 52,
        "title": "JNews Theme Nulled",
        "slug": "jnews-theme-nulled",
        "version": "latest",
        "category": "themes",
        "icerik": "<h2>JNews Theme NULLED</h2><p><strong>JNews Theme NULLED Free Download</strong> is a professional WordPress theme designed for news, magazines, and blogs.</p><p>JNews includes Elementor integration, review system, and extensive layout options. The theme offers AMP support and social counter.</p><p>With features like live customizer and speed optimization, JNews delivers professional publishing platform.</p>",
        "meta_description": "JNews Theme creates professional news sites with Elementor integration, AMP support, and review systems for modern content publishing platforms."
    },
    {
        "id": 53,
        "title": "WooCommerce PDF Invoices Packing Slips Nulled",
        "slug": "woocommerce-pdf-invoices-packing-slips-nulled",
        "version": "latest",
        "category": "plugins",
        "icerik": "<h2>WooCommerce PDF Invoices & Packing Slips NULLED</h2><p><strong>WooCommerce PDF Invoices & Packing Slips NULLED Free Download</strong> automatically generates PDF invoices and packing slips for your WooCommerce orders.</p><p>The plugin includes customizable templates, automatic email attachments, and bulk actions. It supports multiple languages and currencies.</p><p>With features like sequential numbering and custom fields, the plugin provides professional invoice management for your store.</p>",
        "meta_description": "WooCommerce PDF Invoices generates professional invoices and packing slips automatically with customizable templates and multi-language support."
    },
    {
        "id": 54,
        "title": "SmartMag Theme Nulled",
        "slug": "smartmag-theme-nulled",
        "version": "latest",
        "category": "themes",
        "icerik": "<h2>SmartMag Theme NULLED</h2><p><strong>SmartMag Theme NULLED Free Download</strong> is the next-generation WordPress magazine theme built for modern publishers.</p><p>SmartMag includes live customizer, advanced typography, and extensive layout options. The theme offers AMP support and SEO optimization.</p><p>With features like mega menu and performance optimization, SmartMag delivers exceptional user experience.</p>",
        "meta_description": "SmartMag Theme builds modern magazine sites with live customizer, advanced typography, AMP support, and performance optimization for publishers."
    },
    {
        "id": 55,
        "title": "Beaver Builder Pro Nulled Plugin",
        "slug": "beaver-builder-pro-nulled-plugin",
        "version": "latest",
        "category": "plugins",
        "icerik": "<h2>Beaver Builder Pro NULLED</h2><p><strong>Beaver Builder Pro NULLED Free Download</strong> is a powerful WordPress page builder that helps you create professional websites with drag-and-drop functionality.</p><p>The plugin includes premium modules, saved templates, and white-label options. It offers responsive editing and custom CSS controls.</p><p>With features like multisite support and developer tools, Beaver Builder Pro provides enterprise-level page building solutions.</p>",
        "meta_description": "Beaver Builder Pro creates professional WordPress sites with drag-and-drop building, premium modules, and enterprise-level developer tools."
    },
    {
        "id": 56,
        "title": "Listify Theme Nulled",
        "slug": "listify-theme-nulled",
        "version": "latest",
        "category": "themes",
        "icerik": "<h2>Listify Theme NULLED</h2><p><strong>Listify Theme NULLED Free Download</strong> is a directory WordPress theme perfect for creating listing websites.</p><p>Listify includes WP Job Manager integration, advanced search, and map functionality. The theme offers listing layouts and review system.</p><p>With features like geolocation and social login, Listify creates engaging directory experiences.</p>",
        "meta_description": "Listify Theme creates directory listing sites with WP Job Manager integration, maps, reviews, and geolocation for engaging directory experiences."
    },
    {
        "id": 57,
        "title": "Brizy Pro Nulled",
        "slug": "brizy-pro-nulled",
        "version": "latest",
        "category": "plugins",
        "icerik": "<h2>Brizy Pro NULLED</h2><p><strong>Brizy Pro NULLED Free Download</strong> is a visual WordPress page builder that makes website creation simple and enjoyable.</p><p>Brizy Pro includes advanced design options, popup builder, and white-label functionality. The plugin offers cloud templates and team collaboration.</p><p>With features like role permissions and custom fonts, Brizy Pro provides professional website building tools.</p>",
        "meta_description": "Brizy Pro builds WordPress sites visually with advanced design options, popup builder, cloud templates, and team collaboration features."
    },
    {
        "id": 58,
        "title": "Movedo Theme Nulled",
        "slug": "movedo-theme-nulled",
        "version": "latest",
        "category": "themes",
        "icerik": "<h2>Movedo Theme NULLED</h2><p><strong>Movedo Theme NULLED Free Download</strong> is a super-fast multipurpose WordPress theme with unique animations and modern design.</p><p>Movedo includes powerful page builder, pre-designed templates, and extensive customization options. The theme offers parallax effects and smooth animations.</p><p>With features like performance optimization and SEO enhancement, Movedo delivers exceptional user experience.</p>",
        "meta_description": "Movedo Theme delivers super-fast WordPress performance with unique animations, parallax effects, and modern design for exceptional user experiences."
    },
    {
        "id": 59,
        "title": "Schema Pro Nulled",
        "slug": "schema-pro-nulled",
        "version": "latest",
        "category": "plugins",
        "icerik": "<h2>Schema Pro NULLED</h2><p><strong>Schema Pro NULLED Free Download</strong> is the easiest way to add schema markup to your WordPress site for better SEO results.</p><p>The plugin includes pre-configured schema types, automatic markup generation, and Google support. It offers custom field mapping and bulk configuration.</p><p>With features like schema testing and validation, Schema Pro ensures your structured data is correctly implemented.</p>",
        "meta_description": "Schema Pro improves WordPress SEO with automatic schema markup generation, validation tools, and pre-configured types for better search visibility."
    },
    {
        "id": 60,
        "title": "Vehica Theme Nulled",
        "slug": "vehica-theme-nulled",
        "version": "latest",
        "category": "themes",
        "icerik": "<h2>Vehica Theme NULLED</h2><p><strong>Vehica Theme NULLED Free Download</strong> is a automotive WordPress theme designed for car dealerships and automotive businesses.</p><p>Vehica includes vehicle management system, advanced search filters, and comparison tools. The theme offers loan calculator and contact forms.</p><p>With features like vehicle import and dealer management, Vehica provides complete automotive website solutions.</p>",
        "meta_description": "Vehica Theme creates automotive websites with vehicle management, search filters, loan calculator, and dealer management for car dealerships."
    },
    {
        "id": 61,
        "title": "Ninja Forms Pro Nulled",
        "slug": "ninja-forms-pro-nulled",
        "version": "latest",
        "category": "plugins",
        "icerik": "<h2>Ninja Forms Pro NULLED</h2><p><strong>Ninja Forms Pro NULLED Free Download</strong> is a flexible WordPress form builder that helps you create any type of form with ease.</p><p>The plugin includes conditional logic, multi-part forms, and file uploads. It offers payment integrations and email marketing connections.</p><p>With features like form analytics and spam protection, Ninja Forms Pro provides comprehensive form building solutions.</p>",
        "meta_description": "Ninja Forms Pro builds flexible WordPress forms with conditional logic, payments, file uploads, and comprehensive analytics for complete form solutions."
    },
    {
        "id": 62,
        "title": "Streamit Theme Nulled",
        "slug": "streamit-theme-nulled",
        "version": "latest",
        "category": "themes",
        "icerik": "<h2>Streamit Theme NULLED</h2><p><strong>Streamit Theme NULLED Free Download</strong> is a video streaming WordPress theme perfect for creating Netflix-like websites.</p><p>Streamit includes video management system, subscription plans, and user profiles. The theme offers advanced search and recommendation engine.</p><p>With features like content protection and monetization options, Streamit provides complete video streaming platform solutions.</p>",
        "meta_description": "Streamit Theme creates video streaming platforms with subscription plans, user profiles, and recommendation engines for Netflix-like websites."
    },
    {
        "id": 63,
        "title": "Toolset Types Nulled",
        "slug": "toolset-types-nulled",
        "version": "latest",
        "category": "plugins",
        "icerik": "<h2>Toolset Types NULLED</h2><p><strong>Toolset Types NULLED Free Download</strong> is a powerful WordPress plugin for creating custom post types, custom fields, and taxonomies without coding.</p><p>The plugin includes visual field editor, relationship management, and data migration tools. It offers conditional display and field validation.</p><p>With features like import/export and developer API, Toolset Types provides enterprise-level content structure solutions.</p>",
        "meta_description": "Toolset Types creates custom WordPress content with post types, fields, and taxonomies using visual editor and relationship management tools."
    },
    {
        "id": 64,
        "title": "Goya Theme Nulled",
        "slug": "goya-theme-nulled",
        "version": "latest",
        "category": "themes",
        "icerik": "<h2>Goya Theme NULLED</h2><p><strong>Goya Theme NULLED Free Download</strong> is a modern multipurpose WordPress theme perfect for creative professionals and agencies.</p><p>Goya includes Visual Composer, demo content, and extensive customization options. The theme offers portfolio layouts and WooCommerce support.</p><p>With features like mega menu and responsive design, Goya provides professional website building capabilities.</p>",
        "meta_description": "Goya Theme builds modern agency websites with Visual Composer, portfolio layouts, and extensive customization for creative professionals."
    },
    {
        "id": 65,
        "title": "User Registration Pro Nulled",
        "slug": "user-registration-pro-nulled",
        "version": "latest",
        "category": "plugins",
        "icerik": "<h2>User Registration Pro NULLED</h2><p><strong>User Registration Pro NULLED Free Download</strong> is a comprehensive WordPress user registration plugin that helps you create custom registration forms.</p><p>The plugin includes advanced field types, email verification, and user approval system. It offers payment integrations and membership features.</p><p>With features like email templates and user management, User Registration Pro provides complete user registration solutions.</p>",
        "meta_description": "User Registration Pro creates custom WordPress registration with advanced fields, email verification, and user management for membership sites."
    },
    {
        "id": 66,
        "title": "Zephyr Theme Nulled",
        "slug": "zephyr-theme-nulled",
        "version": "latest",
        "category": "themes",
        "icerik": "<h2>Zephyr Theme NULLED</h2><p><strong>Zephyr Theme NULLED Free Download</strong> is a material design WordPress theme that follows Google's material design guidelines.</p><p>Zephyr includes demo content, customization options, and responsive design. The theme offers portfolio layouts and blog variations.</p><p>With features like smooth animations and modern typography, Zephyr delivers contemporary user experience.</p>",
        "meta_description": "Zephyr Theme follows Google Material Design guidelines with smooth animations, modern typography, and contemporary user experience design."
    },
    {
        "id": 67,
        "title": "TablePress Premium Nulled",
        "slug": "tablepress-premium-nulled",
        "version": "latest",
        "category": "plugins",
        "icerik": "<h2>TablePress Premium NULLED</h2><p><strong>TablePress Premium NULLED Free Download</strong> enhances the popular TablePress plugin with advanced table functionality for WordPress.</p><p>The plugin includes responsive tables, advanced filtering, and table styling options. It offers CSV import/export and automatic updates.</p><p>With features like table search and pagination, TablePress Premium provides professional data presentation solutions.</p>",
        "meta_description": "TablePress Premium creates advanced WordPress tables with responsive design, filtering, CSV import/export, and professional data presentation features."
    },
    {
        "id": 68,
        "title": "Claue Theme Nulled",
        "slug": "claue-theme-nulled",
        "version": "latest",
        "category": "themes",
        "icerik": "<h2>Claue Theme NULLED</h2><p><strong>Claue Theme NULLED Free Download</strong> is a clean, minimal WooCommerce theme perfect for fashion and lifestyle stores.</p><p>Claue includes Visual Composer, product layouts, and extensive customization options. The theme offers AJAX features and quick view.</p><p>With features like lookbook and product videos, Claue enhances the shopping experience.</p>",
        "meta_description": "Claue Theme creates minimal fashion stores with Visual Composer, lookbook features, and AJAX functionality for enhanced shopping experiences."
    },
    {
        "id": 69,
        "title": "WP User Frontend Pro Nulled",
        "slug": "wp-user-frontend-pro-nulled",
        "version": "latest",
        "category": "plugins",
        "icerik": "<h2>WP User Frontend Pro NULLED</h2><p><strong>WP User Frontend Pro NULLED Free Download</strong> allows users to create posts, edit profiles, and manage content from the WordPress frontend.</p><p>The plugin includes drag-and-drop form builder, payment integrations, and user dashboard. It offers content moderation and user roles.</p><p>With features like subscription management and email notifications, WP User Frontend Pro provides complete frontend content management.</p>",
        "meta_description": "WP User Frontend Pro enables frontend content management with user dashboards, form builder, and subscription management for user-generated content."
    },
    {
        "id": 70,
        "title": "Xstore Theme Nulled",
        "slug": "xstore-theme-nulled",
        "version": "latest",
        "category": "themes",
        "icerik": "<h2>Xstore Theme NULLED</h2><p><strong>Xstore Theme NULLED Free Download</strong> is a responsive WooCommerce theme with 100+ shop layouts and demos.</p><p>Xstore includes Elementor compatibility, single product builder, and extensive customization options. The theme offers AJAX features and quick view.</p><p>With features like 360-degree product view and advanced filters, Xstore maximizes e-commerce conversions.</p>",
        "meta_description": "Xstore Theme offers 100+ WooCommerce layouts with Elementor compatibility, 360-degree product view, and advanced filters for maximum conversions."
    },
    {
        "id": 71,
        "title": "WooCommerce Table Rate Shipping Nulled",
        "slug": "woocommerce-table-rate-shipping-nulled",
        "version": "latest",
        "category": "plugins",
        "icerik": "<h2>WooCommerce Table Rate Shipping NULLED</h2><p><strong>WooCommerce Table Rate Shipping NULLED Free Download</strong> provides advanced shipping calculation options for your WooCommerce store.</p><p>The plugin includes flexible shipping rules, zone-based rates, and calculation methods. It offers conditional shipping and bulk discounts.</p><p>With features like shipping classes and weight-based pricing, WooCommerce Table Rate Shipping provides comprehensive shipping solutions.</p>",
        "meta_description": "WooCommerce Table Rate Shipping creates flexible shipping rules with zone-based rates, conditional shipping, and comprehensive calculation methods."
    },
    {
        "id": 72,
        "title": "Total Theme Nulled",
        "slug": "total-theme-nulled",
        "version": "latest",
        "category": "themes",
        "icerik": "<h2>Total Theme NULLED</h2><p><strong>Total Theme NULLED Free Download</strong> is a responsive multipurpose WordPress theme with drag-and-drop page builder.</p><p>Total includes Visual Composer, demo content, and extensive customization options. The theme offers WooCommerce layouts and portfolio styles.</p><p>With features like mega menu and translation ready, Total provides complete website building solutions.</p>",
        "meta_description": "Total Theme builds multipurpose WordPress sites with Visual Composer, WooCommerce layouts, and comprehensive customization for complete solutions."
    },
    {
        "id": 73,
        "title": "Smart Slider 3 Pro Nulled",
        "slug": "smart-slider-3-pro-nulled",
        "version": "latest",
        "category": "plugins",
        "icerik": "<h2>Smart Slider 3 Pro NULLED</h2><p><strong>Smart Slider 3 Pro NULLED Free Download</strong> is the most intuitive WordPress slider plugin with drag-and-drop editor.</p><p>The plugin includes responsive design, animation effects, and template library. It offers dynamic content and advanced layer management.</p><p>With features like post-based sliders and e-commerce integration, Smart Slider 3 Pro creates engaging visual presentations.</p>",
        "meta_description": "Smart Slider 3 Pro creates intuitive WordPress sliders with drag-and-drop editor, animation effects, and dynamic content for engaging presentations."
    },
    {
        "id": 74,
        "title": "Wiloke Theme Nulled",
        "slug": "wiloke-theme-nulled",
        "version": "latest",
        "category": "themes",
        "icerik": "<h2>Wiloke Theme NULLED</h2><p><strong>Wiloke Theme NULLED Free Download</strong> is a modern directory listing WordPress theme with advanced functionality.</p><p>Wiloke includes event management, booking system, and advanced search. The theme offers map integration and review system.</p><p>With features like payment integration and multi-vendor support, Wiloke provides complete directory solutions.</p>",
        "meta_description": "Wiloke Theme creates directory listings with event management, booking system, map integration, and multi-vendor support for complete solutions."
    },
    {
        "id": 75,
        "title": "Formidable Forms Pro Nulled",
        "slug": "formidable-forms-pro-nulled",
        "version": "latest",
        "category": "plugins",
        "icerik": "<h2>Formidable Forms Pro NULLED</h2><p><strong>Formidable Forms Pro NULLED Free Download</strong> is an advanced WordPress form builder with database functionality.</p><p>The plugin includes calculators, surveys, and application forms. It offers payment processing and email marketing integrations.</p><p>With features like conditional logic and data visualization, Formidable Forms Pro provides powerful form solutions.</p>",
        "meta_description": "Formidable Forms Pro builds advanced WordPress forms with database functionality, calculators, surveys, and data visualization capabilities."
    },
    {
        "id": 76,
        "title": "Corsa Theme Nulled",
        "slug": "corsa-theme-nulled",
        "version": "latest",
        "category": "themes",
        "icerik": "<h2>Corsa Theme NULLED</h2><p><strong>Corsa Theme NULLED Free Download</strong> is a car dealership WordPress theme designed for automotive businesses.</p><p>Corsa includes vehicle management, inventory system, and advanced search. The theme offers loan calculator and comparison tools.</p><p>With features like dealer management and contact forms, Corsa provides complete automotive website solutions.</p>",
        "meta_description": "Corsa Theme creates car dealership sites with vehicle management, inventory system, loan calculator, and comprehensive automotive solutions."
    },
    {
        "id": 77,
        "title": "Contact Form 7 Signature Addon Nulled",
        "slug": "contact-form-7-signature-addon-nulled",
        "version": "latest",
        "category": "plugins",
        "icerik": "<h2>Contact Form 7 Signature Addon NULLED</h2><p><strong>Contact Form 7 Signature Addon NULLED Free Download</strong> adds digital signature functionality to Contact Form 7.</p><p>The plugin includes signature capture, form validation, and email attachments. It offers responsive design and mobile compatibility.</p><p>With features like signature styling and validation options, the addon enhances Contact Form 7 with professional signature capabilities.</p>",
        "meta_description": "Contact Form 7 Signature Addon adds digital signature capture with form validation, email attachments, and mobile-responsive design features."
    },
    {
        "id": 78,
        "title": "Listingo Theme Nulled",
        "slug": "listingo-theme-nulled",
        "version": "latest",
        "category": "themes",
        "icerik": "<h2>Listingo Theme NULLED</h2><p><strong>Listingo Theme NULLED Free Download</strong> is a complete directory listing WordPress theme with booking functionality.</p><p>Listingo includes advanced search, map integration, and review system. The theme offers payment processing and user dashboard.</p><p>With features like multi-vendor support and commission system, Listingo provides comprehensive directory marketplace solutions.</p>",
        "meta_description": "Listingo Theme creates directory marketplaces with booking functionality, payment processing, multi-vendor support, and commission systems."
    },
    {
        "id": 79,
        "title": "WP Bakery Page Builder Premium Addons Nulled",
        "slug": "wp-bakery-page-builder-premium-addons-nulled",
        "version": "latest",
        "category": "plugins",
        "icerik": "<h2>WP Bakery Page Builder Premium Addons NULLED</h2><p><strong>WP Bakery Page Builder Premium Addons NULLED Free Download</strong> extends WPBakery Page Builder with advanced elements and functionality.</p><p>The plugin includes premium elements, advanced animations, and template library. It offers enhanced design options and professional widgets.</p><p>With features like advanced grid systems and custom elements, the addon provides comprehensive page building enhancements.</p>",
        "meta_description": "WP Bakery Premium Addons extends page builder with advanced elements, animations, and professional widgets for enhanced design capabilities."
    },
    {
        "id": 80,
        "title": "Martfury Theme Nulled",
        "slug": "martfury-theme-nulled",
        "version": "latest",
        "category": "themes",
        "icerik": "<h2>Martfury Theme NULLED</h2><p><strong>Martfury Theme NULLED Free Download</strong> is a modern WooCommerce marketplace theme perfect for multi-vendor stores.</p><p>Martfury includes Dokan integration, vendor dashboard, and advanced product layouts. The theme offers AJAX features and quick view.</p><p>With features like mega menu and product comparison, Martfury provides complete marketplace solutions.</p>",
        "meta_description": "Martfury Theme builds WooCommerce marketplaces with Dokan integration, vendor dashboards, and product comparison for multi-vendor solutions."
    },
    {
        "id": 81,
        "title": "WooCommerce Checkout Field Editor Nulled",
        "slug": "woocommerce-checkout-field-editor-nulled",
        "version": "latest",
        "category": "plugins",
        "icerik": "<h2>WooCommerce Checkout Field Editor NULLED</h2><p><strong>WooCommerce Checkout Field Editor NULLED Free Download</strong> allows you to customize checkout fields in your WooCommerce store.</p><p>The plugin includes field management, validation rules, and conditional logic. It offers custom field types and order display options.</p><p>With features like field dependencies and styling options, WooCommerce Checkout Field Editor provides complete checkout customization.</p>",
        "meta_description": "WooCommerce Checkout Field Editor customizes checkout fields with validation rules, conditional logic, and complete field management options."
    },
    {
        "id": 82,
        "title": "Consulting Theme Nulled",
        "slug": "consulting-theme-nulled",
        "version": "latest",
        "category": "themes",
        "icerik": "<h2>Consulting Theme NULLED</h2><p><strong>Consulting Theme NULLED Free Download</strong> is a professional WordPress theme designed for consulting and business websites.</p><p>Consulting includes Visual Composer, demo content, and extensive customization options. The theme offers service layouts and team sections.</p><p>With features like appointment booking and contact forms, Consulting provides complete business website solutions.</p>",
        "meta_description": "Consulting Theme creates professional business sites with Visual Composer, appointment booking, and comprehensive service layout options."
    },
    {
        "id": 83,
        "title": "WooCommerce Product Add-ons Nulled",
        "slug": "woocommerce-product-add-ons-nulled",
        "version": "latest",
        "category": "plugins",
        "icerik": "<h2>WooCommerce Product Add-ons NULLED</h2><p><strong>WooCommerce Product Add-ons NULLED Free Download</strong> allows customers to personalize products with additional options and custom fields.</p><p>The plugin includes text inputs, file uploads, and select options. It offers conditional logic and price adjustments.</p><p>With features like global add-ons and import/export, WooCommerce Product Add-ons enhances product customization capabilities.</p>",
        "meta_description": "WooCommerce Product Add-ons enables product customization with text inputs, file uploads, conditional logic, and price adjustments for personalization."
    },
    {
        "id": 84,
        "title": "Careerfy Theme Nulled",
        "slug": "careerfy-theme-nulled",
        "version": "latest",
        "category": "themes",
        "icerik": "<h2>Careerfy Theme NULLED</h2><p><strong>Careerfy Theme NULLED Free Download</strong> is a job board WordPress theme with advanced functionality for recruitment websites.</p><p>Careerfy includes job management, employer dashboard, and advanced search. The theme offers resume builder and application tracking.</p><p>With features like payment integration and email notifications, Careerfy provides complete job board solutions.</p>",
        "meta_description": "Careerfy Theme creates job boards with employer dashboards, resume builder, application tracking, and payment integration for recruitment sites."
    },
    {
        "id": 85,
        "title": "WP Event Manager Pro Nulled",
        "slug": "wp-event-manager-pro-nulled",
        "version": "latest",
        "category": "plugins",
        "icerik": "<h2>WP Event Manager Pro NULLED</h2><p><strong>WP Event Manager Pro NULLED Free Download</strong> is a comprehensive event management plugin for WordPress.</p><p>The plugin includes event listings, ticket sales, and attendee management. It offers calendar integration and email notifications.</p><p>With features like venue management and speaker profiles, WP Event Manager Pro provides complete event management solutions.</p>",
        "meta_description": "WP Event Manager Pro manages events with ticket sales, attendee management, calendar integration, and venue management for complete solutions."
    },
    {
        "id": 86,
        "title": "Boutique Theme Nulled",
        "slug": "boutique-theme-nulled",
        "version": "latest",
        "category": "themes",
        "icerik": "<h2>Boutique Theme NULLED</h2><p><strong>Boutique Theme NULLED Free Download</strong> is an elegant WooCommerce theme perfect for fashion and lifestyle stores.</p><p>Boutique includes Visual Composer, product layouts, and extensive customization options. The theme offers AJAX features and quick view.</p><p>With features like lookbook and product videos, Boutique enhances the shopping experience for fashion retailers.</p>",
        "meta_description": "Boutique Theme creates elegant fashion stores with Visual Composer, lookbook features, and product videos for enhanced shopping experiences."
    },
    {
        "id": 87,
        "title": "WooCommerce Extra Product Options Nulled",
        "slug": "woocommerce-extra-product-options-nulled",
        "version": "latest",
        "category": "plugins",
        "icerik": "<h2>WooCommerce Extra Product Options NULLED</h2><p><strong>WooCommerce Extra Product Options NULLED Free Download</strong> adds unlimited custom options to your WooCommerce products.</p><p>The plugin includes text fields, dropdowns, checkboxes, and file uploads. It offers conditional logic and price calculations.</p><p>With features like option templates and bulk operations, WooCommerce Extra Product Options enhances product customization.</p>",
        "meta_description": "WooCommerce Extra Product Options adds unlimited custom fields with conditional logic, price calculations, and bulk operations for product customization."
    },
    {
        "id": 88,
        "title": "Real Estate Pro Theme Nulled",
        "slug": "real-estate-pro-theme-nulled",
        "version": "latest",
        "category": "themes",
        "icerik": "<h2>Real Estate Pro Theme NULLED</h2><p><strong>Real Estate Pro Theme NULLED Free Download</strong> is a professional WordPress theme designed for real estate websites.</p><p>Real Estate Pro includes property management, advanced search, and map integration. The theme offers agent profiles and contact forms.</p><p>With features like mortgage calculator and property comparison, Real Estate Pro provides complete real estate solutions.</p>",
        "meta_description": "Real Estate Pro Theme creates property websites with management system, advanced search, map integration, and mortgage calculator features."
    },
    {
        "id": 89,
        "title": "WP Job Manager Applications Nulled",
        "slug": "wp-job-manager-applications-nulled",
        "version": "latest",
        "category": "plugins",
        "icerik": "<h2>WP Job Manager Applications NULLED</h2><p><strong>WP Job Manager Applications NULLED Free Download</strong> adds application functionality to WP Job Manager plugin.</p><p>The plugin includes application forms, file uploads, and application tracking. It offers employer dashboard and email notifications.</p><p>With features like application filtering and status management, WP Job Manager Applications enhances job board functionality.</p>",
        "meta_description": "WP Job Manager Applications adds job application functionality with forms, file uploads, tracking, and employer dashboard management features."
    },
    {
        "id": 90,
        "title": "Medical Theme Nulled",
        "slug": "medical-theme-nulled",
        "version": "latest",
        "category": "themes",
        "icerik": "<h2>Medical Theme NULLED</h2><p><strong>Medical Theme NULLED Free Download</strong> is a professional WordPress theme designed for medical and healthcare websites.</p><p>Medical includes appointment booking, doctor profiles, and service management. The theme offers patient portal and contact forms.</p><p>With features like medical calculator and health tips, Medical provides complete healthcare website solutions.</p>",
        "meta_description": "Medical Theme creates healthcare websites with appointment booking, doctor profiles, patient portal, and medical calculator for complete solutions."
    },
    {
        "id": 91,
        "title": "WooCommerce Variation Swatches Nulled",
        "slug": "woocommerce-variation-swatches-nulled",
        "version": "latest",
        "category": "plugins",
        "icerik": "<h2>WooCommerce Variation Swatches NULLED</h2><p><strong>WooCommerce Variation Swatches NULLED Free Download</strong> replaces default dropdown selects with beautiful color, image, and label swatches.</p><p>The plugin includes multiple swatch types, tooltip features, and catalog integration. It offers advanced styling and mobile compatibility.</p><p>With features like blur effects and advanced controls, WooCommerce Variation Swatches enhances product selection experience.</p>",
        "meta_description": "WooCommerce Variation Swatches replaces dropdowns with beautiful color and image swatches, tooltips, and mobile-compatible product selection."
    },
    {
        "id": 92,
        "title": "Education Theme Nulled",
        "slug": "education-theme-nulled",
        "version": "latest",
        "category": "themes",
        "icerik": "<h2>Education Theme NULLED</h2><p><strong>Education Theme NULLED Free Download</strong> is a comprehensive WordPress theme designed for educational institutions.</p><p>Education includes course management, event calendar, and student portal. The theme offers teacher profiles and contact forms.</p><p>With features like online payments and certificate management, Education provides complete educational website solutions.</p>",
        "meta_description": "Education Theme creates educational sites with course management, student portal, teacher profiles, and certificate management for institutions."
    },
    {
        "id": 93,
        "title": "WooCommerce Social Login Nulled",
        "slug": "woocommerce-social-login-nulled",
        "version": "latest",
        "category": "plugins",
        "icerik": "<h2>WooCommerce Social Login NULLED</h2><p><strong>WooCommerce Social Login NULLED Free Download</strong> allows customers to login and register using their social media accounts.</p><p>The plugin supports Facebook, Google, Twitter, and LinkedIn. It offers account linking and profile data import.</p><p>With features like custom styling and redirect options, WooCommerce Social Login simplifies the registration process.</p>",
        "meta_description": "WooCommerce Social Login enables Facebook, Google, Twitter, and LinkedIn login with account linking and custom styling for simplified registration."
    },
    {
        "id": 94,
        "title": "Restaurant Theme Nulled",
        "slug": "restaurant-theme-nulled",
        "version": "latest",
        "category": "themes",
        "icerik": "<h2>Restaurant Theme NULLED</h2><p><strong>Restaurant Theme NULLED Free Download</strong> is a delicious WordPress theme designed for restaurants and food businesses.</p><p>Restaurant includes menu management, reservation system, and gallery layouts. The theme offers contact forms and social integration.</p><p>With features like online ordering and delivery options, Restaurant provides complete food business solutions.</p>",
        "meta_description": "Restaurant Theme creates food business sites with menu management, reservation system, online ordering, and delivery options for restaurants."
    },
    {
        "id": 95,
        "title": "WP Ultimate CSV Importer Pro Nulled",
        "slug": "wp-ultimate-csv-importer-pro-nulled",
        "version": "latest",
        "category": "plugins",
        "icerik": "<h2>WP Ultimate CSV Importer Pro NULLED</h2><p><strong>WP Ultimate CSV Importer Pro NULLED Free Download</strong> is a powerful tool for importing and exporting WordPress content via CSV files.</p><p>The plugin supports posts, pages, custom post types, and WooCommerce products. It offers field mapping and bulk operations.</p><p>With features like scheduled imports and data validation, WP Ultimate CSV Importer Pro provides comprehensive data management solutions.</p>",
        "meta_description": "WP Ultimate CSV Importer Pro imports WordPress content with field mapping, scheduled imports, and data validation for comprehensive management."
    },
    {
        "id": 96,
        "title": "Fitness Theme Nulled",
        "slug": "fitness-theme-nulled",
        "version": "latest",
        "category": "themes",
        "icerik": "<h2>Fitness Theme NULLED</h2><p><strong>Fitness Theme NULLED Free Download</strong> is an energetic WordPress theme designed for fitness and gym websites.</p><p>Fitness includes class schedules, trainer profiles, and membership plans. The theme offers booking system and contact forms.</p><p>With features like BMI calculator and workout tips, Fitness provides complete fitness website solutions.</p>",
        "meta_description": "Fitness Theme creates gym websites with class schedules, trainer profiles, membership plans, BMI calculator, and booking system for fitness centers."
    },
    {
        "id": 97,
        "title": "WooCommerce Shipment Tracking Nulled",
        "slug": "woocommerce-shipment-tracking-nulled",
        "version": "latest",
        "category": "plugins",
        "icerik": "<h2>WooCommerce Shipment Tracking NULLED</h2><p><strong>WooCommerce Shipment Tracking NULLED Free Download</strong> adds shipment tracking functionality to your WooCommerce store.</p><p>The plugin includes tracking providers, email notifications, and customer portal. It offers tracking history and delivery status.</p><p>With features like bulk tracking import and custom providers, WooCommerce Shipment Tracking enhances order management.</p>",
        "meta_description": "WooCommerce Shipment Tracking adds order tracking with multiple providers, email notifications, and customer portal for enhanced management."
    },
    {
        "id": 98,
        "title": "Travel Theme Nulled",
        "slug": "travel-theme-nulled",
        "version": "latest",
        "category": "themes",
        "icerik": "<h2>Travel Theme NULLED</h2><p><strong>Travel Theme NULLED Free Download</strong> is an adventurous WordPress theme designed for travel and tourism websites.</p><p>Travel includes booking system, tour packages, and destination galleries. The theme offers contact forms and social integration.</p><p>With features like travel calculator and weather widget, Travel provides complete tourism website solutions.</p>",
        "meta_description": "Travel Theme creates tourism sites with booking system, tour packages, destination galleries, travel calculator, and weather widget features."
    }
]
